seed	subsample_n	icc_supra	icc_sub	msbtwn_supra	msbtwn_sub	mswthn_supra	mswthn_sub
2387	25	0.077	0.156	0.054	0.13	0.725	0.883
2387	75	0.375	0.348	0.386	0.465	0.642	0.822
2387	125	0.274	0.255	0.245	0.306	0.642	0.851
2387	175	0.354	0.307	0.362	0.451	0.669	0.916
2387	225	0.337	0.275	0.31	0.336	0.633	0.882
2387	275	0.294	0.282	0.29	0.394	0.717	0.972
2387	325	0.333	0.309	0.332	0.444	0.676	0.907
2387	375	0.376	0.326	0.354	0.462	0.607	0.862
2387	425	0.322	0.291	0.313	0.412	0.67	0.904
2387	475	0.376	0.331	0.349	0.476	0.582	0.822
2387	525	0.363	0.32	0.376	0.484	0.68	0.908
7529	25	0.328	0.269	0.273	0.273	0.59	0.831
7529	75	0.407	0.336	0.359	0.403	0.57	0.84
7529	125	0.344	0.312	0.326	0.422	0.65	0.919
7529	175	0.417	0.369	0.412	0.497	0.581	0.792
7529	225	0.317	0.286	0.365	0.447	0.8	1.078
7529	275	0.301	0.298	0.3	0.44	0.698	0.932
7529	325	0.31	0.283	0.335	0.423	0.771	1.014
7529	375	0.367	0.313	0.356	0.446	0.633	0.89
7529	425	0.357	0.304	0.313	0.393	0.583	0.789
7529	475	0.33	0.296	0.326	0.443	0.67	0.903
7529	525	0.363	0.323	0.345	0.453	0.609	0.856
7454	25	0.398	0.335	0.367	0.355	0.583	0.908
7454	75	0.443	0.352	0.342	0.347	0.452	0.622
7454	125	0.433	0.357	0.457	0.486	0.606	0.886
7454	175	0.368	0.32	0.384	0.443	0.688	0.912
7454	225	0.257	0.249	0.244	0.339	0.735	0.991
7454	275	0.321	0.305	0.32	0.434	0.658	0.911
7454	325	0.339	0.298	0.386	0.466	0.767	1.069
7454	375	0.299	0.283	0.289	0.392	0.687	0.937
7454	425	0.344	0.306	0.359	0.432	0.691	0.905
7454	475	0.36	0.319	0.342	0.433	0.63	0.867
7454	525	0.319	0.294	0.313	0.412	0.686	0.931
2864	25	0.095	0.115	0.097	0.151	0.945	1.322
2864	75	0.377	0.346	0.399	0.474	0.681	0.864
2864	125	0.364	0.281	0.331	0.351	0.588	0.824
2864	175	0.292	0.274	0.316	0.381	0.781	1.034
2864	225	0.411	0.367	0.44	0.549	0.64	0.897
2864	275	0.321	0.286	0.29	0.384	0.625	0.855
2864	325	0.371	0.332	0.394	0.525	0.657	0.942
2864	375	0.377	0.32	0.405	0.486	0.67	0.927
2864	425	0.37	0.315	0.357	0.438	0.63	0.879
2864	475	0.37	0.324	0.431	0.521	0.739	1.038
2864	525	0.317	0.284	0.326	0.421	0.709	0.981
6440	25	0.377	0.369	0.341	0.467	0.599	0.824
6440	75	0.314	0.302	0.269	0.363	0.616	0.823
6440	125	0.422	0.325	0.396	0.434	0.573	0.853
6440	175	0.319	0.306	0.32	0.419	0.701	0.955
6440	225	0.377	0.34	0.38	0.48	0.663	0.887
6440	275	0.321	0.294	0.322	0.403	0.685	0.944
6440	325	0.387	0.345	0.38	0.478	0.62	0.845
6440	375	0.363	0.308	0.347	0.403	0.617	0.863
6440	425	0.336	0.296	0.334	0.417	0.668	0.924
6440	475	0.377	0.334	0.409	0.519	0.684	0.947
6440	525	0.355	0.318	0.346	0.443	0.644	0.885
5731	25	0.396	0.324	0.343	0.332	0.537	0.73
5731	75	0.305	0.287	0.319	0.373	0.768	1.03
5731	125	0.307	0.286	0.295	0.366	0.69	0.875
5731	175	0.27	0.284	0.247	0.367	0.677	0.862
5731	225	0.369	0.324	0.395	0.469	0.678	0.901
5731	275	0.346	0.303	0.33	0.411	0.647	0.918
5731	325	0.397	0.339	0.405	0.503	0.629	0.872
5731	375	0.368	0.312	0.34	0.436	0.593	0.849
5731	425	0.382	0.34	0.418	0.562	0.685	0.93
5731	475	0.301	0.276	0.295	0.409	0.698	0.957
5731	525	0.309	0.284	0.304	0.413	0.675	0.919
7103	25	0.494	0.41	0.497	0.529	0.514	0.78
7103	75	0.308	0.3	0.273	0.358	0.605	0.826
7103	125	0.35	0.328	0.372	0.481	0.695	0.921
7103	175	0.352	0.31	0.365	0.483	0.684	0.925
7103	225	0.294	0.272	0.316	0.429	0.757	1.022
7103	275	0.328	0.299	0.351	0.46	0.724	0.99
7103	325	0.347	0.315	0.359	0.451	0.684	0.893
7103	375	0.385	0.326	0.374	0.487	0.602	0.846
7103	425	0.355	0.305	0.371	0.438	0.684	0.927
7103	475	0.338	0.291	0.347	0.441	0.688	0.982
7103	525	0.346	0.316	0.33	0.443	0.625	0.863
8305	25	0.348	0.316	0.257	0.31	0.558	0.755
8305	75	0.342	0.291	0.331	0.36	0.681	0.919
8305	125	0.375	0.337	0.41	0.524	0.704	1.003
8305	175	0.386	0.345	0.391	0.498	0.625	0.831
8305	225	0.317	0.305	0.3	0.43	0.652	0.859
8305	275	0.321	0.278	0.288	0.361	0.641	0.915
8305	325	0.312	0.303	0.289	0.403	0.643	0.854
8305	375	0.348	0.296	0.346	0.425	0.678	0.969
8305	425	0.323	0.294	0.346	0.445	0.725	0.998
8305	475	0.351	0.306	0.339	0.438	0.642	0.896
8305	525	0.332	0.301	0.328	0.43	0.662	0.912
1802	25	0.398	0.331	0.42	0.406	0.675	0.957
1802	75	0.203	0.191	0.217	0.261	0.899	1.239
1802	125	0.266	0.242	0.234	0.297	0.679	0.939
1802	175	0.346	0.295	0.343	0.378	0.664	0.919
1802	225	0.371	0.314	0.365	0.427	0.618	0.88
1802	275	0.312	0.29	0.309	0.406	0.693	0.932
1802	325	0.33	0.307	0.33	0.435	0.665	0.905
1802	375	0.333	0.295	0.312	0.419	0.641	0.884
1802	425	0.312	0.275	0.328	0.421	0.742	1.017
1802	475	0.338	0.295	0.35	0.446	0.696	0.97
1802	525	0.358	0.319	0.351	0.458	0.648	0.88
8732	25	0.545	0.427	0.372	0.372	0.336	0.541
8732	75	0.335	0.318	0.296	0.387	0.598	0.857
8732	125	0.367	0.342	0.381	0.466	0.67	0.893
8732	175	0.395	0.338	0.437	0.514	0.692	1.002
8732	225	0.337	0.296	0.357	0.463	0.724	0.981
8732	275	0.327	0.289	0.356	0.439	0.767	1.106
8732	325	0.339	0.303	0.351	0.43	0.724	0.973
8732	375	0.36	0.314	0.364	0.466	0.657	0.906
8732	425	0.294	0.28	0.315	0.433	0.755	0.989
8732	475	0.347	0.314	0.335	0.44	0.644	0.879
8732	525	0.32	0.287	0.343	0.433	0.737	1.022
1988	25	0.376	0.351	0.294	0.331	0.499	0.623
1988	75	0.36	0.36	0.303	0.368	0.554	0.728
1988	125	0.328	0.293	0.315	0.368	0.656	0.885
1988	175	0.324	0.306	0.325	0.413	0.708	0.944
1988	225	0.29	0.273	0.299	0.379	0.733	0.979
1988	275	0.34	0.302	0.343	0.437	0.691	0.951
1988	325	0.339	0.312	0.334	0.452	0.656	0.897
1988	375	0.315	0.301	0.287	0.402	0.636	0.852
1988	425	0.322	0.307	0.295	0.423	0.636	0.865
1988	475	0.36	0.319	0.342	0.438	0.619	0.844
1988	525	0.349	0.311	0.385	0.49	0.717	0.979
1314	25	0.244	0.233	0.208	0.232	0.72	0.931
1314	75	0.315	0.288	0.314	0.382	0.731	0.969
1314	125	0.357	0.316	0.375	0.477	0.678	0.908
1314	175	0.348	0.31	0.384	0.466	0.723	0.952
1314	225	0.287	0.268	0.324	0.424	0.813	1.067
1314	275	0.351	0.321	0.347	0.478	0.648	0.899
1314	325	0.315	0.283	0.297	0.382	0.66	0.903
1314	375	0.406	0.352	0.396	0.489	0.58	0.828
1314	425	0.335	0.3	0.336	0.441	0.674	0.918
1314	475	0.372	0.335	0.368	0.49	0.639	0.885
1314	525	0.3	0.277	0.315	0.418	0.732	0.991
7471	25	0.515	0.435	0.515	0.563	0.5	0.685
7471	75	0.291	0.275	0.306	0.342	0.77	1.01
7471	125	0.335	0.309	0.392	0.456	0.767	1.006
7471	175	0.396	0.345	0.363	0.466	0.56	0.793
7471	225	0.28	0.26	0.258	0.326	0.694	0.919
7471	275	0.369	0.327	0.373	0.479	0.657	0.893
7471	325	0.313	0.266	0.295	0.374	0.659	0.931
7471	375	0.314	0.273	0.336	0.394	0.749	1.0
7471	425	0.361	0.332	0.392	0.521	0.693	0.913
7471	475	0.298	0.264	0.286	0.38	0.683	0.939
7471	525	0.343	0.307	0.37	0.477	0.723	0.967
4316	25	0.434	0.394	0.38	0.406	0.511	0.684
4316	75	0.378	0.294	0.332	0.336	0.594	0.874
4316	125	0.36	0.306	0.309	0.391	0.572	0.817
4316	175	0.303	0.283	0.309	0.399	0.748	0.963
4316	225	0.347	0.304	0.312	0.375	0.609	0.84
4316	275	0.36	0.316	0.358	0.488	0.651	0.917
4316	325	0.368	0.314	0.378	0.456	0.661	0.911
4316	375	0.337	0.293	0.358	0.427	0.71	0.983
4316	425	0.345	0.301	0.319	0.418	0.626	0.865
4316	475	0.334	0.299	0.326	0.426	0.659	0.905
4316	525	0.345	0.311	0.352	0.467	0.666	0.917
785	25	0.288	0.233	0.385	0.402	0.987	1.354
785	75	0.355	0.298	0.342	0.378	0.654	0.913
785	125	0.361	0.313	0.344	0.43	0.623	0.859
785	175	0.362	0.317	0.35	0.453	0.636	0.915
785	225	0.393	0.348	0.39	0.491	0.606	0.854
785	275	0.306	0.266	0.289	0.362	0.671	0.946
785	325	0.332	0.297	0.303	0.405	0.625	0.886
785	375	0.341	0.301	0.332	0.406	0.659	0.931
785	425	0.339	0.305	0.353	0.451	0.697	0.951
785	475	0.327	0.287	0.331	0.415	0.687	0.937
785	525	0.35	0.311	0.334	0.454	0.634	0.874
3351	25	0.516	0.392	0.6	0.588	0.593	0.859
3351	75	0.415	0.364	0.426	0.513	0.626	0.84
3351	125	0.39	0.363	0.376	0.459	0.6	0.788
3351	175	0.342	0.31	0.338	0.418	0.647	0.856
3351	225	0.394	0.346	0.38	0.485	0.605	0.871
3351	275	0.368	0.328	0.375	0.482	0.666	0.914
3351	325	0.374	0.328	0.372	0.478	0.631	0.879
3351	375	0.348	0.307	0.365	0.475	0.68	0.94
3351	425	0.359	0.319	0.349	0.446	0.638	0.876
3351	475	0.311	0.306	0.309	0.459	0.687	0.873
3351	525	0.349	0.317	0.376	0.5	0.717	0.982
5495	25	0.567	0.533	0.617	0.744	0.497	0.654
5495	75	0.348	0.3	0.297	0.351	0.56	0.822
5495	125	0.411	0.36	0.425	0.522	0.617	0.849
5495	175	0.372	0.329	0.368	0.49	0.65	0.873
5495	225	0.345	0.304	0.391	0.457	0.757	1.008
5495	275	0.379	0.344	0.374	0.495	0.619	0.841
5495	325	0.343	0.311	0.346	0.466	0.664	0.904
5495	375	0.367	0.314	0.356	0.437	0.621	0.867
5495	425	0.331	0.313	0.33	0.467	0.676	0.887
5495	475	0.314	0.294	0.324	0.441	0.715	0.974
5495	525	0.315	0.282	0.306	0.407	0.667	0.917
3764	25	0.359	0.316	0.632	0.648	1.186	1.598
3764	75	0.309	0.253	0.28	0.293	0.661	0.911
3764	125	0.277	0.24	0.226	0.254	0.628	0.876
3764	175	0.395	0.314	0.395	0.436	0.651	0.947
3764	225	0.344	0.306	0.345	0.444	0.674	0.916
3764	275	0.292	0.271	0.298	0.39	0.739	0.973
3764	325	0.327	0.296	0.344	0.436	0.703	0.952
3764	375	0.316	0.287	0.297	0.399	0.642	0.889
3764	425	0.37	0.309	0.369	0.455	0.642	0.89
3764	475	0.35	0.31	0.325	0.428	0.605	0.845
3764	525	0.306	0.283	0.304	0.423	0.72	0.986
5070	25	0.299	0.315	0.314	0.388	0.796	0.986
5070	75	0.362	0.305	0.339	0.325	0.617	0.86
5070	125	0.436	0.359	0.373	0.431	0.495	0.729
5070	175	0.352	0.32	0.358	0.449	0.676	0.9
5070	225	0.336	0.323	0.315	0.445	0.631	0.835
5070	275	0.356	0.317	0.322	0.414	0.587	0.823
5070	325	0.377	0.319	0.37	0.441	0.62	0.891
5070	375	0.357	0.296	0.352	0.409	0.64	0.912
5070	425	0.367	0.322	0.419	0.505	0.725	1.005
5070	475	0.345	0.304	0.324	0.408	0.621	0.838
5070	525	0.352	0.305	0.352	0.453	0.653	0.914
3341	25	0.342	0.314	0.263	0.338	0.525	0.754
3341	75	0.346	0.281	0.333	0.337	0.672	0.947
3341	125	0.385	0.33	0.375	0.452	0.617	0.821
3341	175	0.312	0.3	0.329	0.47	0.731	0.931
3341	225	0.326	0.291	0.318	0.39	0.659	0.894
3341	275	0.322	0.293	0.329	0.434	0.713	0.965
3341	325	0.385	0.324	0.413	0.478	0.67	0.938
3341	375	0.366	0.33	0.4	0.535	0.683	0.926
3341	425	0.35	0.322	0.361	0.487	0.676	0.911
3341	475	0.327	0.285	0.334	0.406	0.709	0.977
3341	525	0.356	0.322	0.336	0.456	0.613	0.847
2924	25	0.168	0.161	0.211	0.216	1.13	1.431
2924	75	0.341	0.287	0.392	0.409	0.764	1.101
2924	125	0.363	0.285	0.38	0.407	0.691	1.03
2924	175	0.382	0.319	0.418	0.483	0.725	0.993
2924	225	0.354	0.311	0.341	0.429	0.639	0.903
2924	275	0.34	0.294	0.338	0.409	0.68	0.925
2924	325	0.341	0.298	0.351	0.443	0.693	0.931
2924	375	0.279	0.253	0.286	0.383	0.746	1.014
2924	425	0.344	0.311	0.36	0.444	0.711	0.968
2924	475	0.381	0.329	0.413	0.516	0.684	0.95
2924	525	0.351	0.303	0.37	0.445	0.693	0.952
2308	25	0.437	0.4	0.516	0.663	0.672	0.926
2308	75	0.448	0.418	0.483	0.607	0.605	0.811
2308	125	0.311	0.315	0.261	0.384	0.593	0.823
2308	175	0.344	0.308	0.361	0.432	0.712	0.958
2308	225	0.307	0.298	0.29	0.408	0.654	0.902
2308	275	0.312	0.296	0.329	0.453	0.732	0.966
2308	325	0.291	0.262	0.318	0.384	0.778	1.043
2308	375	0.349	0.328	0.399	0.527	0.76	1.016
2308	425	0.366	0.316	0.384	0.459	0.674	0.949
2308	475	0.311	0.288	0.319	0.425	0.709	0.95
2308	525	0.344	0.292	0.335	0.408	0.654	0.926
3090	25	0.38	0.24	0.288	0.232	0.484	0.73
3090	75	0.481	0.388	0.436	0.497	0.479	0.718
3090	125	0.388	0.318	0.33	0.402	0.552	0.786
3090	175	0.345	0.302	0.395	0.462	0.762	1.058
3090	225	0.344	0.307	0.356	0.442	0.698	0.939
3090	275	0.348	0.299	0.326	0.386	0.614	0.853
3090	325	0.329	0.291	0.332	0.415	0.693	0.922
3090	375	0.36	0.315	0.378	0.475	0.676	0.968
3090	425	0.328	0.301	0.355	0.466	0.732	0.996
3090	475	0.338	0.299	0.337	0.434	0.699	0.97
3090	525	0.339	0.308	0.342	0.47	0.671	0.932
5686	25	0.563	0.443	0.532	0.464	0.397	0.599
5686	75	0.346	0.332	0.323	0.416	0.631	0.872
5686	125	0.352	0.325	0.465	0.552	0.878	1.146
5686	175	0.345	0.318	0.326	0.435	0.643	0.843
5686	225	0.386	0.333	0.366	0.423	0.594	0.812
5686	275	0.294	0.275	0.299	0.416	0.719	0.98
5686	325	0.346	0.3	0.326	0.402	0.642	0.889
5686	375	0.311	0.269	0.34	0.402	0.769	1.04
5686	425	0.378	0.332	0.402	0.484	0.66	0.907
5686	475	0.352	0.321	0.356	0.465	0.661	0.897
5686	525	0.314	0.289	0.316	0.433	0.687	0.946
6064	25	0.349	0.336	0.265	0.352	0.555	0.767
6064	75	0.385	0.328	0.388	0.442	0.651	0.857
6064	125	0.366	0.286	0.317	0.376	0.577	0.837
6064	175	0.425	0.365	0.481	0.572	0.656	0.964
6064	225	0.391	0.319	0.367	0.439	0.58	0.836
6064	275	0.363	0.326	0.377	0.49	0.663	0.907
6064	325	0.301	0.283	0.324	0.416	0.761	1.009
6064	375	0.349	0.309	0.364	0.441	0.687	0.951
6064	425	0.352	0.308	0.372	0.483	0.688	0.946
6064	475	0.364	0.326	0.346	0.453	0.616	0.853
6064	525	0.343	0.299	0.324	0.417	0.631	0.862
6713	25	0.386	0.283	0.221	0.194	0.373	0.519
6713	75	0.33	0.317	0.284	0.377	0.594	0.823
6713	125	0.308	0.282	0.268	0.362	0.631	0.825
6713	175	0.35	0.291	0.33	0.384	0.639	0.953
6713	225	0.369	0.33	0.383	0.491	0.666	0.927
6713	275	0.35	0.312	0.323	0.436	0.603	0.821
6713	325	0.326	0.287	0.31	0.397	0.643	0.891
6713	375	0.359	0.305	0.34	0.428	0.61	0.847
6713	425	0.37	0.322	0.383	0.484	0.659	0.904
6713	475	0.346	0.306	0.351	0.437	0.669	0.927
6713	525	0.361	0.328	0.375	0.498	0.669	0.911
3455	25	0.278	0.331	0.328	0.493	0.859	1.002
3455	75	0.321	0.258	0.377	0.353	0.815	1.067
3455	125	0.3	0.256	0.343	0.388	0.817	1.12
3455	175	0.393	0.338	0.393	0.487	0.628	0.858
3455	225	0.37	0.313	0.35	0.441	0.609	0.875
3455	275	0.389	0.329	0.383	0.446	0.612	0.89
3455	325	0.371	0.323	0.371	0.478	0.638	0.872
3455	375	0.35	0.301	0.377	0.45	0.709	0.999
3455	425	0.343	0.307	0.337	0.436	0.648	0.889
3455	475	0.343	0.298	0.359	0.441	0.695	0.939
3455	525	0.333	0.293	0.337	0.43	0.691	0.952
6604	25	0.34	0.345	0.28	0.368	0.555	0.722
6604	75	0.311	0.324	0.298	0.452	0.657	0.846
6604	125	0.362	0.335	0.344	0.452	0.621	0.847
6604	175	0.395	0.347	0.436	0.523	0.691	0.959
6604	225	0.327	0.295	0.315	0.412	0.67	0.923
6604	275	0.334	0.278	0.309	0.377	0.618	0.862
6604	325	0.351	0.305	0.38	0.484	0.706	0.993
6604	375	0.313	0.293	0.315	0.412	0.705	0.923
6604	425	0.323	0.298	0.332	0.444	0.703	0.944
6604	475	0.324	0.286	0.323	0.42	0.688	0.944
6604	525	0.364	0.33	0.398	0.533	0.703	0.965
7555	25	0.349	0.278	0.288	0.268	0.55	0.737
7555	75	0.3	0.282	0.297	0.37	0.73	0.978
7555	125	0.4	0.352	0.342	0.435	0.535	0.748
7555	175	0.332	0.301	0.33	0.426	0.66	0.907
7555	225	0.389	0.327	0.469	0.497	0.731	1.013
7555	275	0.369	0.315	0.383	0.488	0.688	0.974
7555	325	0.285	0.259	0.266	0.342	0.691	0.934
7555	375	0.391	0.312	0.376	0.443	0.608	0.85
7555	425	0.358	0.319	0.356	0.444	0.641	0.883
7555	475	0.322	0.293	0.342	0.462	0.722	0.964
7555	525	0.328	0.311	0.309	0.446	0.628	0.845
9100	25	0.375	0.298	0.381	0.349	0.665	0.99
9100	75	0.346	0.289	0.32	0.312	0.61	0.841
9100	125	0.382	0.326	0.386	0.422	0.655	0.928
9100	175	0.329	0.325	0.34	0.514	0.706	0.932
9100	225	0.3	0.294	0.293	0.403	0.686	0.899
9100	275	0.325	0.315	0.315	0.459	0.652	0.877
9100	325	0.313	0.278	0.315	0.407	0.704	0.975
9100	375	0.367	0.316	0.406	0.516	0.701	0.979
9100	425	0.336	0.314	0.318	0.424	0.636	0.833
9100	475	0.413	0.356	0.425	0.525	0.614	0.838
9100	525	0.338	0.317	0.357	0.495	0.694	0.933
4519	25	0.339	0.315	0.368	0.445	0.78	1.052
4519	75	0.342	0.286	0.284	0.336	0.564	0.748
4519	125	0.393	0.345	0.367	0.441	0.589	0.808
4519	175	0.345	0.327	0.371	0.495	0.711	0.918
4519	225	0.389	0.337	0.368	0.449	0.593	0.836
4519	275	0.396	0.354	0.408	0.509	0.641	0.869
4519	325	0.297	0.28	0.325	0.435	0.797	1.039
4519	375	0.304	0.266	0.28	0.362	0.644	0.889
4519	425	0.33	0.295	0.32	0.425	0.666	0.905
4519	475	0.357	0.325	0.381	0.48	0.702	0.956
4519	525	0.37	0.317	0.351	0.433	0.599	0.853
6146	25	0.476	0.364	0.541	0.464	0.587	0.852
6146	75	0.286	0.283	0.249	0.296	0.666	0.895
6146	125	0.294	0.271	0.342	0.434	0.841	1.117
6146	175	0.38	0.33	0.342	0.42	0.59	0.823
6146	225	0.294	0.282	0.31	0.41	0.753	1.047
6146	275	0.351	0.292	0.369	0.418	0.702	0.953
6146	325	0.35	0.305	0.376	0.47	0.704	0.944
6146	375	0.345	0.305	0.351	0.439	0.676	0.928
6146	425	0.349	0.301	0.339	0.429	0.635	0.878
6146	475	0.379	0.331	0.369	0.481	0.608	0.846
6146	525	0.331	0.309	0.342	0.482	0.7	0.935
2629	25	0.473	0.397	0.46	0.435	0.553	0.735
2629	75	0.433	0.378	0.372	0.412	0.514	0.743
2629	125	0.371	0.346	0.367	0.452	0.638	0.843
2629	175	0.289	0.241	0.275	0.337	0.707	1.011
2629	225	0.347	0.299	0.337	0.412	0.651	0.901
2629	275	0.384	0.321	0.35	0.41	0.572	0.788
2629	325	0.31	0.279	0.296	0.419	0.687	0.942
2629	375	0.362	0.323	0.399	0.496	0.718	0.979
2629	425	0.299	0.284	0.273	0.38	0.641	0.863
2629	475	0.324	0.292	0.328	0.425	0.684	0.97
2629	525	0.362	0.326	0.36	0.457	0.638	0.866
2034	25	0.48	0.438	0.305	0.403	0.341	0.505
2034	75	0.456	0.384	0.468	0.5	0.573	0.812
2034	125	0.38	0.314	0.325	0.408	0.559	0.801
2034	175	0.31	0.277	0.327	0.42	0.737	1.03
2034	225	0.385	0.324	0.388	0.491	0.631	0.884
2034	275	0.361	0.31	0.358	0.429	0.657	0.912
2034	325	0.361	0.327	0.363	0.458	0.67	0.901
2034	375	0.316	0.299	0.302	0.412	0.674	0.888
2034	425	0.344	0.314	0.356	0.485	0.671	0.91
2034	475	0.307	0.282	0.322	0.411	0.733	0.994
2034	525	0.3	0.273	0.309	0.411	0.73	1.004
2960	25	0.264	0.31	0.179	0.29	0.512	0.688
2960	75	0.254	0.243	0.309	0.366	0.946	1.226
2960	125	0.28	0.277	0.247	0.325	0.666	0.895
2960	175	0.326	0.294	0.299	0.41	0.647	0.899
2960	225	0.372	0.343	0.402	0.551	0.677	0.937
2960	275	0.343	0.312	0.362	0.449	0.677	0.92
2960	325	0.367	0.342	0.354	0.449	0.616	0.853
2960	375	0.367	0.307	0.365	0.424	0.651	0.906
2960	425	0.339	0.309	0.333	0.454	0.663	0.891
2960	475	0.344	0.299	0.329	0.414	0.654	0.935
2960	525	0.364	0.321	0.359	0.479	0.645	0.909
93	25	0.441	0.375	0.372	0.383	0.502	0.692
93	75	0.177	0.178	0.162	0.191	0.787	0.992
93	125	0.326	0.282	0.369	0.416	0.775	1.025
93	175	0.336	0.303	0.318	0.412	0.631	0.857
93	225	0.32	0.277	0.295	0.369	0.64	0.891
93	275	0.4	0.346	0.378	0.475	0.587	0.807
93	325	0.318	0.283	0.335	0.428	0.754	1.045
93	375	0.359	0.322	0.392	0.505	0.708	0.958
93	425	0.32	0.292	0.31	0.413	0.672	0.928
93	475	0.329	0.297	0.353	0.481	0.727	0.997
93	525	0.387	0.336	0.423	0.523	0.674	0.948
9876	25	0.471	0.347	0.453	0.338	0.524	0.692
9876	75	0.331	0.3	0.353	0.427	0.722	0.992
9876	125	0.413	0.349	0.401	0.481	0.574	0.877
9876	175	0.322	0.304	0.295	0.403	0.643	0.888
9876	225	0.283	0.277	0.328	0.433	0.85	1.079
9876	275	0.344	0.299	0.296	0.381	0.582	0.849
9876	325	0.38	0.342	0.408	0.541	0.68	0.916
9876	375	0.345	0.311	0.336	0.444	0.64	0.847
9876	425	0.371	0.321	0.354	0.449	0.596	0.871
9876	475	0.358	0.312	0.36	0.456	0.647	0.879
9876	525	0.361	0.309	0.383	0.452	0.706	0.973
6481	25	0.354	0.281	0.287	0.291	0.558	0.726
6481	75	0.463	0.404	0.409	0.481	0.487	0.686
6481	125	0.283	0.252	0.318	0.386	0.829	1.169
6481	175	0.393	0.343	0.385	0.486	0.602	0.879
6481	225	0.356	0.302	0.353	0.425	0.65	0.896
6481	275	0.364	0.313	0.361	0.456	0.648	0.913
6481	325	0.388	0.33	0.44	0.499	0.705	0.953
6481	375	0.342	0.324	0.326	0.452	0.631	0.873
6481	425	0.348	0.302	0.352	0.438	0.68	0.952
6481	475	0.358	0.321	0.368	0.489	0.677	0.93
6481	525	0.335	0.306	0.343	0.434	0.688	0.938
2419	25	0.338	0.304	0.254	0.323	0.529	0.713
2419	75	0.265	0.284	0.3	0.44	0.84	1.116
2419	125	0.352	0.317	0.402	0.523	0.762	1.053
2419	175	0.248	0.248	0.237	0.335	0.743	0.955
2419	225	0.355	0.305	0.359	0.409	0.682	0.94
2419	275	0.37	0.321	0.362	0.455	0.622	0.827
2419	325	0.369	0.314	0.344	0.426	0.613	0.892
2419	375	0.338	0.307	0.361	0.477	0.705	0.951
2419	425	0.365	0.323	0.382	0.478	0.668	0.897
2419	475	0.343	0.299	0.34	0.422	0.657	0.913
2419	525	0.343	0.303	0.311	0.402	0.602	0.842
9276	25	0.264	0.224	0.202	0.194	0.595	0.836
9276	75	0.36	0.337	0.389	0.439	0.702	0.923
9276	125	0.309	0.284	0.272	0.359	0.614	0.846
9276	175	0.307	0.288	0.305	0.428	0.697	0.976
9276	225	0.347	0.3	0.347	0.422	0.655	0.93
9276	275	0.302	0.289	0.312	0.431	0.732	0.977
9276	325	0.362	0.326	0.37	0.485	0.665	0.895
9276	375	0.34	0.31	0.344	0.465	0.677	0.922
9276	425	0.295	0.269	0.267	0.358	0.65	0.897
9276	475	0.377	0.317	0.354	0.452	0.6	0.864
9276	525	0.327	0.298	0.321	0.455	0.667	0.916
2664	25	0.527	0.446	0.6	0.628	0.552	0.773
2664	75	0.388	0.335	0.418	0.413	0.679	0.881
2664	125	0.323	0.309	0.355	0.486	0.751	0.989
2664	175	0.327	0.286	0.312	0.408	0.649	0.912
2664	225	0.337	0.317	0.374	0.451	0.749	0.97
2664	275	0.303	0.274	0.311	0.396	0.72	0.958
2664	325	0.356	0.301	0.378	0.442	0.703	0.959
2664	375	0.329	0.299	0.359	0.452	0.751	1.038
2664	425	0.301	0.284	0.302	0.425	0.702	0.954
2664	475	0.372	0.324	0.359	0.468	0.613	0.867
2664	525	0.285	0.259	0.271	0.374	0.7	0.966
3157	25	0.368	0.284	0.388	0.334	0.691	0.964
3157	75	0.398	0.343	0.345	0.399	0.536	0.777
3157	125	0.354	0.283	0.299	0.307	0.567	0.818
3157	175	0.341	0.303	0.365	0.45	0.722	1.022
3157	225	0.338	0.317	0.318	0.429	0.625	0.827
3157	275	0.329	0.314	0.306	0.41	0.645	0.861
3157	325	0.339	0.301	0.36	0.447	0.72	0.956
3157	375	0.35	0.309	0.361	0.458	0.685	0.956
3157	425	0.336	0.313	0.333	0.438	0.679	0.921
3157	475	0.329	0.3	0.306	0.412	0.626	0.849
3157	525	0.367	0.324	0.357	0.473	0.611	0.842
2737	25	0.343	0.314	0.223	0.3	0.447	0.608
2737	75	0.412	0.349	0.521	0.55	0.755	1.022
2737	125	0.371	0.333	0.364	0.488	0.623	0.877
2737	175	0.334	0.298	0.342	0.42	0.728	0.963
2737	225	0.336	0.295	0.328	0.436	0.672	0.932
2737	275	0.34	0.32	0.343	0.448	0.675	0.877
2737	325	0.32	0.291	0.299	0.383	0.654	0.893
2737	375	0.377	0.322	0.373	0.451	0.628	0.875
2737	425	0.383	0.34	0.384	0.507	0.628	0.851
2737	475	0.295	0.27	0.301	0.394	0.72	0.968
2737	525	0.388	0.335	0.397	0.52	0.638	0.886
429	25	0.268	0.219	0.148	0.157	0.43	0.62
429	75	0.321	0.265	0.309	0.295	0.687	0.902
429	125	0.424	0.328	0.414	0.419	0.596	0.915
429	175	0.384	0.321	0.331	0.374	0.531	0.732
429	225	0.336	0.282	0.326	0.391	0.629	0.863
429	275	0.348	0.306	0.312	0.384	0.606	0.84
429	325	0.351	0.306	0.358	0.443	0.683	0.947
429	375	0.326	0.286	0.31	0.415	0.659	0.915
429	425	0.348	0.301	0.336	0.436	0.632	0.896
429	475	0.375	0.315	0.37	0.453	0.649	0.911
429	525	0.368	0.326	0.358	0.454	0.619	0.853
3887	25	0.41	0.367	0.301	0.353	0.469	0.591
3887	75	0.4	0.352	0.375	0.445	0.585	0.859
3887	125	0.4	0.344	0.445	0.522	0.705	0.962
3887	175	0.41	0.352	0.477	0.552	0.684	0.918
3887	225	0.3	0.271	0.31	0.407	0.743	1.0
3887	275	0.328	0.299	0.34	0.447	0.705	0.966
3887	325	0.364	0.324	0.347	0.461	0.613	0.834
3887	375	0.291	0.261	0.307	0.398	0.76	1.038
3887	425	0.32	0.281	0.303	0.381	0.651	0.899
3887	475	0.38	0.326	0.381	0.455	0.629	0.854
3887	525	0.312	0.295	0.315	0.446	0.699	0.93
7344	25	0.421	0.309	0.308	0.278	0.454	0.673
7344	75	0.38	0.322	0.393	0.447	0.669	0.884
7344	125	0.448	0.375	0.434	0.49	0.563	0.791
7344	175	0.318	0.294	0.293	0.376	0.643	0.868
7344	225	0.411	0.352	0.341	0.438	0.505	0.714
7344	275	0.319	0.302	0.32	0.462	0.715	0.967
7344	325	0.393	0.344	0.347	0.431	0.546	0.756
7344	375	0.376	0.318	0.404	0.47	0.685	0.966
7344	425	0.368	0.316	0.386	0.467	0.678	0.949
7344	475	0.314	0.293	0.347	0.455	0.763	1.021
7344	525	0.358	0.32	0.361	0.47	0.658	0.895
6352	25	0.301	0.29	0.326	0.381	0.77	1.058
6352	75	0.374	0.319	0.413	0.446	0.755	1.031
6352	125	0.378	0.311	0.324	0.412	0.544	0.759
6352	175	0.314	0.269	0.28	0.321	0.62	0.851
6352	225	0.291	0.262	0.301	0.381	0.747	1.028
6352	275	0.374	0.321	0.386	0.471	0.661	0.895
6352	325	0.358	0.309	0.326	0.414	0.593	0.867
6352	375	0.313	0.297	0.339	0.455	0.751	0.992
6352	425	0.337	0.318	0.351	0.477	0.69	0.928
6352	475	0.332	0.292	0.325	0.422	0.668	0.925
6352	525	0.341	0.298	0.296	0.388	0.574	0.804
2075	25	0.406	0.313	0.267	0.249	0.41	0.61
2075	75	0.323	0.295	0.359	0.427	0.774	1.05
2075	125	0.365	0.316	0.352	0.439	0.631	0.885
2075	175	0.378	0.323	0.36	0.428	0.596	0.836
2075	225	0.398	0.351	0.392	0.493	0.621	0.849
2075	275	0.318	0.303	0.338	0.447	0.739	0.985
2075	325	0.322	0.289	0.327	0.429	0.699	0.961
2075	375	0.356	0.329	0.384	0.485	0.703	0.932
2075	425	0.327	0.276	0.318	0.387	0.668	0.934
2075	475	0.335	0.312	0.351	0.488	0.695	0.935
2075	525	0.373	0.325	0.364	0.458	0.614	0.833
9076	25	0.403	0.396	0.374	0.48	0.574	0.741
9076	75	0.346	0.333	0.327	0.4	0.647	0.826
9076	125	0.332	0.311	0.266	0.373	0.515	0.743
9076	175	0.333	0.302	0.339	0.43	0.703	0.972
9076	225	0.3	0.279	0.296	0.393	0.704	0.999
9076	275	0.385	0.341	0.388	0.485	0.625	0.847
9076	325	0.362	0.313	0.35	0.416	0.644	0.902
9076	375	0.412	0.371	0.4	0.522	0.583	0.811
9076	425	0.317	0.297	0.32	0.435	0.688	0.921
9076	475	0.371	0.334	0.41	0.517	0.714	0.974
9076	525	0.37	0.325	0.39	0.474	0.667	0.917
860	25	0.39	0.305	0.407	0.405	0.68	0.935
860	75	0.331	0.34	0.351	0.473	0.709	0.857
860	125	0.361	0.279	0.365	0.364	0.701	0.989
860	175	0.281	0.251	0.273	0.339	0.707	0.911
860	225	0.361	0.309	0.329	0.392	0.615	0.868
860	275	0.301	0.281	0.315	0.395	0.739	1.004
860	325	0.321	0.29	0.315	0.413	0.686	0.916
860	375	0.283	0.274	0.29	0.405	0.742	0.998
860	425	0.343	0.303	0.376	0.474	0.735	0.999
860	475	0.333	0.306	0.33	0.438	0.661	0.899
860	525	0.339	0.304	0.329	0.432	0.65	0.888
9980	25	0.424	0.37	0.275	0.297	0.396	0.532
9980	75	0.345	0.314	0.326	0.384	0.649	0.895
9980	125	0.325	0.306	0.319	0.436	0.697	0.934
9980	175	0.351	0.325	0.39	0.508	0.759	0.989
9980	225	0.402	0.362	0.423	0.537	0.65	0.902
9980	275	0.293	0.259	0.282	0.371	0.699	0.954
9980	325	0.412	0.351	0.443	0.502	0.643	0.898
9980	375	0.35	0.303	0.356	0.45	0.677	0.953
9980	425	0.415	0.356	0.415	0.514	0.6	0.848
9980	475	0.353	0.322	0.364	0.463	0.673	0.888
9980	525	0.341	0.3	0.358	0.447	0.7	0.978
4049	25	0.363	0.339	0.347	0.424	0.63	0.806
4049	75	0.318	0.299	0.305	0.388	0.677	0.855
4049	125	0.336	0.316	0.314	0.403	0.646	0.829
4049	175	0.4	0.354	0.423	0.491	0.656	0.893
4049	225	0.31	0.268	0.347	0.403	0.78	1.077
4049	275	0.432	0.361	0.47	0.566	0.628	0.919
4049	325	0.378	0.351	0.353	0.464	0.586	0.774
4049	375	0.316	0.282	0.301	0.372	0.655	0.891
4049	425	0.377	0.337	0.378	0.508	0.631	0.896
4049	475	0.378	0.319	0.358	0.439	0.603	0.829
4049	525	0.38	0.348	0.408	0.54	0.673	0.922
8309	25	0.141	0.16	0.106	0.16	0.677	0.978
8309	75	0.455	0.364	0.48	0.513	0.598	0.834
8309	125	0.277	0.27	0.291	0.373	0.803	1.04
8309	175	0.31	0.298	0.359	0.426	0.799	1.062
8309	225	0.321	0.292	0.3	0.385	0.648	0.909
8309	275	0.317	0.284	0.33	0.426	0.745	1.002
8309	325	0.296	0.256	0.272	0.353	0.676	0.974
8309	375	0.383	0.328	0.375	0.464	0.629	0.872
8309	425	0.307	0.291	0.323	0.443	0.727	0.971
8309	475	0.315	0.297	0.323	0.454	0.697	0.929
8309	525	0.346	0.304	0.321	0.419	0.614	0.842
4749	25	0.451	0.355	0.727	0.625	0.877	1.231
4749	75	0.352	0.287	0.373	0.365	0.72	1.01
4749	125	0.3	0.278	0.267	0.351	0.661	0.901
4749	175	0.359	0.324	0.364	0.473	0.672	0.954
4749	225	0.308	0.285	0.32	0.451	0.756	1.036
4749	275	0.338	0.295	0.318	0.387	0.649	0.87
4749	325	0.334	0.296	0.3	0.416	0.618	0.842
4749	375	0.349	0.311	0.309	0.412	0.581	0.805
4749	425	0.269	0.253	0.253	0.371	0.704	0.965
4749	475	0.328	0.299	0.317	0.421	0.664	0.907
4749	525	0.331	0.304	0.344	0.452	0.71	0.963
9673	25	0.453	0.365	0.516	0.547	0.653	1.034
9673	75	0.402	0.312	0.382	0.389	0.6	0.868
9673	125	0.4	0.348	0.367	0.437	0.569	0.767
9673	175	0.313	0.277	0.368	0.44	0.835	1.14
9673	225	0.363	0.322	0.381	0.456	0.683	0.933
9673	275	0.368	0.311	0.373	0.439	0.646	0.909
9673	325	0.36	0.32	0.377	0.487	0.676	0.928
9673	375	0.323	0.295	0.329	0.428	0.696	0.953
9673	425	0.326	0.289	0.32	0.4	0.666	0.881
9673	475	0.326	0.294	0.327	0.437	0.676	0.932
9673	525	0.321	0.297	0.345	0.439	0.743	0.961
5550	25	0.271	0.199	0.164	0.14	0.456	0.694
5550	75	0.348	0.334	0.407	0.493	0.782	1.091
5550	125	0.374	0.333	0.354	0.467	0.611	0.799
5550	175	0.382	0.325	0.371	0.441	0.619	0.871
5550	225	0.315	0.286	0.357	0.475	0.794	1.043
5550	275	0.357	0.312	0.351	0.422	0.642	0.865
5550	325	0.359	0.321	0.374	0.474	0.692	0.961
5550	375	0.339	0.297	0.313	0.407	0.637	0.893
5550	425	0.375	0.314	0.381	0.466	0.662	0.927
5550	475	0.382	0.336	0.4	0.497	0.651	0.899
5550	525	0.349	0.307	0.344	0.44	0.648	0.875
8654	25	0.419	0.287	0.427	0.368	0.587	0.993
8654	75	0.35	0.293	0.417	0.438	0.79	1.103
8654	125	0.39	0.332	0.403	0.484	0.636	0.881
8654	175	0.433	0.354	0.369	0.435	0.514	0.748
8654	225	0.367	0.333	0.327	0.425	0.562	0.797
8654	275	0.338	0.306	0.334	0.432	0.653	0.87
8654	325	0.356	0.338	0.367	0.488	0.677	0.9
8654	375	0.355	0.314	0.356	0.461	0.656	0.918
8654	425	0.301	0.283	0.296	0.413	0.704	0.95
8654	475	0.324	0.306	0.348	0.483	0.743	0.991
8654	525	0.339	0.308	0.337	0.471	0.672	0.914
5625	25	0.268	0.213	0.229	0.206	0.672	0.919
5625	75	0.425	0.38	0.444	0.541	0.616	0.817
5625	125	0.386	0.349	0.332	0.409	0.538	0.725
5625	175	0.308	0.282	0.327	0.422	0.732	0.966
5625	225	0.301	0.276	0.313	0.409	0.736	0.978
5625	275	0.324	0.264	0.328	0.36	0.686	0.955
5625	325	0.336	0.295	0.339	0.405	0.7	1.0
5625	375	0.353	0.319	0.348	0.49	0.647	0.891
5625	425	0.344	0.319	0.357	0.502	0.684	0.941
5625	475	0.379	0.325	0.367	0.44	0.616	0.864
5625	525	0.349	0.303	0.34	0.417	0.641	0.883
8888	25	0.448	0.37	0.314	0.368	0.404	0.594
8888	75	0.352	0.294	0.391	0.43	0.74	1.049
8888	125	0.345	0.282	0.301	0.344	0.599	0.821
8888	175	0.402	0.327	0.404	0.461	0.61	0.877
8888	225	0.39	0.33	0.393	0.449	0.616	0.888
8888	275	0.325	0.278	0.316	0.38	0.663	0.92
8888	325	0.333	0.288	0.364	0.426	0.74	1.014
8888	375	0.329	0.308	0.315	0.416	0.663	0.9
8888	425	0.328	0.304	0.33	0.429	0.684	0.966
8888	475	0.334	0.303	0.319	0.441	0.648	0.874
8888	525	0.338	0.318	0.343	0.49	0.67	0.906
5948	25	0.116	0.246	0.107	0.283	0.829	0.867
5948	75	0.329	0.31	0.283	0.393	0.595	0.798
5948	125	0.292	0.262	0.267	0.338	0.681	0.938
5948	175	0.223	0.228	0.219	0.31	0.779	1.036
5948	225	0.331	0.302	0.331	0.398	0.684	0.906
5948	275	0.322	0.287	0.352	0.423	0.747	1.016
5948	325	0.337	0.29	0.368	0.449	0.726	1.009
5948	375	0.299	0.267	0.32	0.39	0.757	1.038
5948	425	0.353	0.33	0.374	0.501	0.687	0.922
5948	475	0.331	0.292	0.358	0.442	0.724	1.004
5948	525	0.345	0.301	0.358	0.456	0.693	0.971
7923	25	0.387	0.324	0.293	0.298	0.475	0.718
7923	75	0.391	0.333	0.392	0.464	0.646	0.95
7923	125	0.313	0.276	0.312	0.4	0.685	0.961
7923	175	0.363	0.317	0.345	0.446	0.634	0.866
7923	225	0.307	0.273	0.297	0.425	0.696	0.991
7923	275	0.329	0.296	0.303	0.404	0.632	0.848
7923	325	0.377	0.331	0.387	0.51	0.66	0.902
7923	375	0.328	0.289	0.273	0.364	0.555	0.775
7923	425	0.345	0.31	0.326	0.437	0.629	0.885
7923	475	0.341	0.285	0.329	0.401	0.64	0.874
7923	525	0.346	0.317	0.345	0.447	0.654	0.891
6583	25	0.438	0.361	0.485	0.441	0.638	0.911
6583	75	0.405	0.307	0.316	0.356	0.486	0.763
6583	125	0.352	0.306	0.309	0.385	0.592	0.825
6583	175	0.324	0.274	0.361	0.423	0.766	1.071
6583	225	0.282	0.273	0.273	0.377	0.716	0.95
6583	275	0.338	0.309	0.335	0.449	0.662	0.916
6583	325	0.399	0.341	0.404	0.489	0.606	0.843
6583	375	0.361	0.332	0.386	0.497	0.705	0.953
6583	425	0.348	0.303	0.317	0.441	0.606	0.845
6583	475	0.366	0.327	0.371	0.464	0.644	0.891
6583	525	0.37	0.335	0.373	0.485	0.634	0.868
1015	25	0.337	0.319	0.325	0.424	0.707	0.893
1015	75	0.354	0.302	0.373	0.42	0.698	0.987
1015	125	0.286	0.258	0.226	0.287	0.582	0.82
1015	175	0.284	0.264	0.288	0.368	0.732	0.964
1015	225	0.352	0.298	0.349	0.397	0.655	0.905
1015	275	0.417	0.363	0.417	0.549	0.595	0.823
1015	325	0.333	0.311	0.343	0.461	0.704	0.938
1015	375	0.324	0.294	0.317	0.417	0.682	0.925
1015	425	0.368	0.317	0.384	0.46	0.666	0.91
1015	475	0.37	0.319	0.353	0.431	0.61	0.844
1015	525	0.353	0.324	0.36	0.491	0.67	0.92
1661	25	0.461	0.397	0.393	0.414	0.475	0.707
1661	75	0.289	0.304	0.286	0.413	0.739	0.905
1661	125	0.312	0.277	0.279	0.36	0.63	0.834
1661	175	0.385	0.353	0.435	0.554	0.706	0.929
1661	225	0.344	0.325	0.335	0.461	0.644	0.87
1661	275	0.34	0.318	0.362	0.475	0.696	0.965
1661	325	0.331	0.305	0.344	0.432	0.697	0.965
1661	375	0.374	0.328	0.379	0.494	0.636	0.874
1661	425	0.315	0.288	0.333	0.438	0.742	1.043
1661	475	0.34	0.311	0.337	0.46	0.659	0.874
1661	525	0.324	0.288	0.313	0.406	0.665	0.914
4914	25	0.512	0.375	0.463	0.389	0.459	0.723
4914	75	0.369	0.323	0.367	0.416	0.636	0.848
4914	125	0.343	0.321	0.404	0.514	0.799	1.069
4914	175	0.33	0.31	0.285	0.386	0.599	0.808
4914	225	0.389	0.311	0.379	0.435	0.618	0.916
4914	275	0.352	0.303	0.338	0.446	0.638	0.885
4914	325	0.348	0.3	0.351	0.419	0.66	0.893
4914	375	0.351	0.314	0.36	0.452	0.685	0.892
4914	425	0.344	0.295	0.34	0.417	0.659	0.911
4914	475	0.358	0.317	0.373	0.469	0.67	0.917
4914	525	0.329	0.294	0.334	0.432	0.69	0.939
7119	25	0.233	0.222	0.182	0.225	0.606	0.824
7119	75	0.444	0.38	0.518	0.556	0.651	0.925
7119	125	0.281	0.237	0.221	0.26	0.619	0.902
7119	175	0.392	0.357	0.379	0.467	0.611	0.827
7119	225	0.4	0.351	0.417	0.526	0.633	0.864
7119	275	0.325	0.294	0.296	0.395	0.605	0.842
7119	325	0.316	0.291	0.344	0.451	0.745	1.025
7119	375	0.37	0.327	0.428	0.509	0.729	0.997
7119	425	0.341	0.301	0.333	0.434	0.643	0.883
7119	475	0.35	0.31	0.344	0.429	0.643	0.879
7119	525	0.373	0.329	0.376	0.493	0.627	0.851
4138	25	0.244	0.285	0.305	0.455	1.014	1.205
4138	75	0.41	0.336	0.368	0.413	0.525	0.731
4138	125	0.342	0.337	0.293	0.435	0.583	0.793
4138	175	0.353	0.309	0.304	0.377	0.568	0.792
4138	225	0.359	0.304	0.368	0.448	0.689	0.957
4138	275	0.329	0.301	0.328	0.428	0.673	0.924
4138	325	0.354	0.331	0.356	0.488	0.65	0.893
4138	375	0.34	0.3	0.356	0.449	0.702	0.959
4138	425	0.354	0.329	0.379	0.509	0.709	0.958
4138	475	0.346	0.304	0.345	0.441	0.651	0.908
4138	525	0.355	0.322	0.348	0.475	0.637	0.874
3929	25	0.455	0.394	0.306	0.397	0.383	0.58
3929	75	0.315	0.288	0.3	0.375	0.736	1.03
3929	125	0.395	0.355	0.37	0.483	0.563	0.79
3929	175	0.293	0.265	0.268	0.332	0.683	0.926
3929	225	0.351	0.319	0.364	0.501	0.678	0.92
3929	275	0.37	0.32	0.399	0.471	0.71	0.992
3929	325	0.305	0.271	0.289	0.362	0.665	0.917
3929	375	0.326	0.302	0.338	0.45	0.708	0.927
3929	425	0.361	0.317	0.362	0.47	0.654	0.894
3929	475	0.336	0.301	0.361	0.462	0.721	0.966
3929	525	0.375	0.326	0.385	0.482	0.659	0.915
7167	25	0.362	0.332	0.292	0.359	0.531	0.684
7167	75	0.245	0.224	0.202	0.253	0.658	0.87
7167	125	0.34	0.315	0.328	0.435	0.651	0.883
7167	175	0.407	0.344	0.392	0.469	0.583	0.844
7167	225	0.291	0.289	0.284	0.42	0.693	0.903
7167	275	0.33	0.306	0.322	0.447	0.65	0.909
7167	325	0.311	0.288	0.323	0.436	0.738	1.002
7167	375	0.356	0.32	0.385	0.514	0.711	0.962
7167	425	0.349	0.31	0.389	0.472	0.739	0.981
7167	475	0.368	0.33	0.36	0.496	0.615	0.85
7167	525	0.353	0.313	0.383	0.485	0.714	0.953
8415	25	0.36	0.271	0.327	0.288	0.599	0.818
8415	75	0.375	0.322	0.337	0.369	0.591	0.799
8415	125	0.354	0.315	0.322	0.376	0.599	0.813
8415	175	0.381	0.331	0.375	0.453	0.624	0.881
8415	225	0.275	0.263	0.301	0.397	0.799	1.053
8415	275	0.377	0.314	0.389	0.445	0.664	0.925
8415	325	0.328	0.298	0.339	0.419	0.713	0.95
8415	375	0.324	0.286	0.339	0.43	0.719	0.973
8415	425	0.346	0.312	0.365	0.472	0.691	0.947
8415	475	0.371	0.334	0.356	0.473	0.607	0.856
8415	525	0.36	0.327	0.361	0.48	0.642	0.87
8086	25	0.353	0.341	0.448	0.55	0.913	1.217
8086	75	0.346	0.308	0.306	0.392	0.61	0.849
8086	125	0.396	0.366	0.396	0.508	0.62	0.831
8086	175	0.389	0.309	0.408	0.429	0.681	0.948
8086	225	0.399	0.348	0.416	0.491	0.641	0.894
8086	275	0.36	0.295	0.389	0.449	0.704	1.006
8086	325	0.302	0.274	0.313	0.409	0.733	0.972
8086	375	0.427	0.357	0.45	0.535	0.621	0.887
8086	425	0.33	0.296	0.316	0.42	0.648	0.922
8086	475	0.329	0.297	0.32	0.423	0.672	0.919
8086	525	0.355	0.313	0.343	0.456	0.633	0.886
9547	25	0.427	0.316	0.403	0.346	0.556	0.837
9547	75	0.386	0.354	0.381	0.467	0.622	0.781
9547	125	0.317	0.268	0.338	0.379	0.733	0.976
9547	175	0.364	0.308	0.392	0.461	0.709	0.997
9547	225	0.357	0.311	0.35	0.438	0.635	0.871
9547	275	0.361	0.314	0.385	0.42	0.688	0.958
9547	325	0.393	0.334	0.431	0.499	0.679	0.941
9547	375	0.374	0.33	0.322	0.423	0.555	0.75
9547	425	0.321	0.276	0.306	0.382	0.663	0.931
9547	475	0.374	0.335	0.373	0.522	0.627	0.874
9547	525	0.36	0.322	0.372	0.506	0.67	0.934
4165	25	0.411	0.344	0.346	0.402	0.512	0.79
4165	75	0.411	0.369	0.38	0.488	0.553	0.768
4165	125	0.305	0.293	0.32	0.41	0.736	0.929
4165	175	0.328	0.302	0.3	0.423	0.637	0.851
4165	225	0.314	0.271	0.331	0.411	0.74	1.042
4165	275	0.375	0.336	0.396	0.523	0.669	0.937
4165	325	0.268	0.251	0.298	0.41	0.82	1.11
4165	375	0.35	0.327	0.357	0.48	0.66	0.894
4165	425	0.352	0.304	0.351	0.444	0.658	0.92
4165	475	0.324	0.302	0.341	0.455	0.721	0.979
4165	525	0.332	0.296	0.317	0.411	0.647	0.858
2412	25	0.426	0.339	0.367	0.365	0.528	0.864
2412	75	0.344	0.288	0.277	0.315	0.546	0.772
2412	125	0.425	0.377	0.41	0.47	0.57	0.762
2412	175	0.424	0.343	0.335	0.403	0.467	0.673
2412	225	0.331	0.289	0.322	0.375	0.656	0.881
2412	275	0.337	0.283	0.325	0.396	0.639	0.869
2412	325	0.383	0.32	0.385	0.47	0.645	0.929
2412	375	0.343	0.304	0.305	0.413	0.594	0.841
2412	425	0.329	0.299	0.33	0.429	0.678	0.941
2412	475	0.376	0.332	0.409	0.514	0.687	0.903
2412	525	0.357	0.317	0.338	0.409	0.628	0.847
954	25	0.37	0.326	0.259	0.262	0.476	0.62
954	75	0.27	0.259	0.281	0.348	0.771	1.0
954	125	0.321	0.306	0.341	0.464	0.732	0.978
954	175	0.374	0.322	0.392	0.49	0.696	0.998
954	225	0.311	0.28	0.305	0.392	0.706	0.935
954	275	0.339	0.32	0.326	0.458	0.649	0.881
954	325	0.38	0.335	0.38	0.454	0.632	0.846
954	375	0.344	0.303	0.342	0.44	0.653	0.882
954	425	0.344	0.305	0.333	0.452	0.625	0.866
954	475	0.343	0.315	0.322	0.455	0.633	0.837
954	525	0.357	0.326	0.368	0.469	0.662	0.887
9591	25	0.404	0.331	0.389	0.395	0.581	0.849
9591	75	0.218	0.232	0.222	0.312	0.803	1.021
9591	125	0.358	0.33	0.322	0.412	0.598	0.788
9591	175	0.412	0.344	0.396	0.441	0.592	0.843
9591	225	0.323	0.298	0.295	0.4	0.623	0.851
9591	275	0.316	0.284	0.333	0.429	0.723	0.979
9591	325	0.328	0.297	0.317	0.42	0.66	0.943
9591	375	0.299	0.276	0.29	0.389	0.695	0.908
9591	425	0.334	0.3	0.316	0.433	0.648	0.904
9591	475	0.342	0.311	0.351	0.456	0.693	0.943
9591	525	0.357	0.313	0.374	0.447	0.668	0.923
5354	25	0.21	0.213	0.191	0.245	0.77	1.008
5354	75	0.423	0.352	0.447	0.472	0.631	0.861
5354	125	0.315	0.308	0.272	0.407	0.594	0.75
5354	175	0.359	0.31	0.388	0.442	0.715	0.987
5354	225	0.328	0.281	0.313	0.365	0.645	0.881
5354	275	0.379	0.324	0.407	0.489	0.672	0.891
5354	325	0.308	0.27	0.305	0.388	0.714	0.979
5354	375	0.33	0.289	0.309	0.389	0.632	0.869
5354	425	0.333	0.297	0.341	0.44	0.689	0.951
5354	475	0.354	0.302	0.377	0.431	0.693	0.94
5354	525	0.363	0.32	0.391	0.501	0.694	0.932
2699	25	0.31	0.304	0.336	0.399	0.772	1.004
2699	75	0.361	0.317	0.265	0.34	0.46	0.672
2699	125	0.353	0.298	0.347	0.384	0.689	0.909
2699	175	0.367	0.29	0.368	0.425	0.656	0.99
2699	225	0.327	0.305	0.332	0.456	0.692	0.941
2699	275	0.364	0.317	0.364	0.426	0.657	0.935
2699	325	0.347	0.308	0.359	0.465	0.678	0.961
2699	375	0.312	0.28	0.308	0.417	0.701	0.969
2699	425	0.356	0.321	0.344	0.451	0.637	0.837
2699	475	0.364	0.329	0.354	0.463	0.624	0.862
2699	525	0.327	0.297	0.324	0.431	0.675	0.962
895	25	0.251	0.277	0.228	0.301	0.751	0.971
895	75	0.316	0.312	0.32	0.429	0.703	0.973
895	125	0.301	0.278	0.251	0.318	0.605	0.809
895	175	0.354	0.309	0.341	0.394	0.62	0.858
895	225	0.338	0.309	0.316	0.426	0.624	0.866
895	275	0.378	0.326	0.423	0.518	0.714	0.948
895	325	0.383	0.356	0.364	0.485	0.589	0.78
895	375	0.328	0.294	0.327	0.433	0.688	0.941
895	425	0.385	0.348	0.39	0.502	0.622	0.849
895	475	0.353	0.298	0.34	0.417	0.634	0.873
895	525	0.339	0.307	0.325	0.431	0.64	0.863
4509	25	0.385	0.352	0.286	0.365	0.503	0.702
4509	75	0.396	0.37	0.338	0.457	0.533	0.714
4509	125	0.295	0.267	0.24	0.325	0.592	0.826
4509	175	0.453	0.367	0.468	0.484	0.6	0.864
4509	225	0.384	0.327	0.405	0.496	0.674	0.969
4509	275	0.375	0.328	0.352	0.468	0.599	0.846
4509	325	0.297	0.265	0.294	0.382	0.7	0.967
4509	375	0.333	0.291	0.355	0.452	0.713	1.007
4509	425	0.352	0.295	0.329	0.419	0.633	0.885
4509	475	0.351	0.309	0.365	0.466	0.681	0.944
4509	525	0.382	0.326	0.381	0.468	0.627	0.891
1983	25	0.324	0.279	0.234	0.239	0.538	0.739
1983	75	0.371	0.34	0.362	0.457	0.627	0.828
1983	125	0.447	0.362	0.482	0.528	0.61	0.908
1983	175	0.386	0.34	0.407	0.473	0.654	0.885
1983	225	0.371	0.325	0.404	0.469	0.728	0.981
1983	275	0.351	0.314	0.36	0.46	0.67	0.948
1983	325	0.369	0.33	0.367	0.462	0.638	0.874
1983	375	0.229	0.226	0.232	0.343	0.801	1.044
1983	425	0.351	0.331	0.393	0.525	0.739	1.006
1983	475	0.321	0.293	0.314	0.422	0.655	0.882
1983	525	0.314	0.292	0.349	0.453	0.751	0.995
832	25	0.279	0.262	0.308	0.342	0.859	1.062
832	75	0.354	0.338	0.379	0.457	0.757	0.99
832	125	0.384	0.331	0.353	0.446	0.583	0.849
832	175	0.295	0.248	0.31	0.331	0.732	0.992
832	225	0.329	0.289	0.305	0.387	0.626	0.861
832	275	0.375	0.32	0.385	0.457	0.664	0.913
832	325	0.342	0.316	0.358	0.486	0.705	0.969
832	375	0.318	0.293	0.31	0.407	0.678	0.943
832	425	0.362	0.323	0.387	0.476	0.681	0.962
832	475	0.323	0.289	0.355	0.443	0.751	1.008
832	525	0.36	0.312	0.368	0.476	0.67	0.928
9755	25	0.491	0.404	0.359	0.397	0.381	0.634
9755	75	0.291	0.277	0.32	0.391	0.769	1.018
9755	125	0.407	0.375	0.443	0.557	0.657	0.88
9755	175	0.368	0.334	0.359	0.503	0.64	0.91
9755	225	0.381	0.343	0.401	0.521	0.665	0.896
9755	275	0.325	0.296	0.3	0.409	0.632	0.859
9755	325	0.323	0.287	0.356	0.458	0.765	1.048
9755	375	0.406	0.343	0.386	0.481	0.581	0.82
9755	425	0.381	0.336	0.395	0.491	0.642	0.905
9755	475	0.344	0.313	0.35	0.468	0.675	0.947
9755	525	0.36	0.321	0.377	0.496	0.675	0.929
3591	25	0.424	0.338	0.494	0.439	0.664	0.968
3591	75	0.196	0.222	0.191	0.284	0.828	1.098
3591	125	0.348	0.343	0.387	0.492	0.743	0.945
3591	175	0.457	0.39	0.42	0.539	0.507	0.728
3591	225	0.359	0.305	0.313	0.382	0.581	0.817
3591	275	0.347	0.31	0.34	0.449	0.647	0.908
3591	325	0.308	0.27	0.3	0.368	0.66	0.917
3591	375	0.353	0.311	0.364	0.461	0.693	0.968
3591	425	0.4	0.353	0.405	0.513	0.623	0.861
3591	475	0.359	0.313	0.325	0.43	0.588	0.803
3591	525	0.405	0.344	0.42	0.525	0.63	0.867
5077	25	0.275	0.244	0.211	0.253	0.599	0.79
5077	75	0.339	0.28	0.27	0.304	0.547	0.748
5077	125	0.34	0.299	0.353	0.391	0.689	0.901
5077	175	0.333	0.302	0.322	0.394	0.65	0.931
5077	225	0.331	0.29	0.351	0.421	0.731	0.968
5077	275	0.361	0.316	0.383	0.471	0.718	1.017
5077	325	0.324	0.278	0.315	0.399	0.678	0.95
5077	375	0.388	0.335	0.404	0.498	0.653	0.927
5077	425	0.325	0.285	0.319	0.42	0.674	0.934
5077	475	0.363	0.315	0.369	0.462	0.666	0.934
5077	525	0.28	0.27	0.294	0.41	0.749	1.014
8594	25	0.182	0.247	0.288	0.467	1.385	1.429
8594	75	0.41	0.372	0.394	0.485	0.585	0.78
8594	125	0.329	0.31	0.311	0.427	0.651	0.899
8594	175	0.366	0.323	0.317	0.415	0.553	0.788
8594	225	0.351	0.311	0.348	0.451	0.67	0.895
8594	275	0.387	0.335	0.403	0.486	0.656	0.893
8594	325	0.404	0.353	0.449	0.551	0.677	0.931
8594	375	0.34	0.306	0.362	0.46	0.723	0.989
8594	425	0.328	0.298	0.304	0.407	0.634	0.859
8594	475	0.366	0.308	0.377	0.459	0.67	0.935
8594	525	0.331	0.307	0.333	0.443	0.677	0.936
3547	25	0.307	0.324	0.254	0.404	0.637	0.804
3547	75	0.358	0.325	0.405	0.473	0.766	0.96
3547	125	0.302	0.289	0.312	0.446	0.753	0.994
3547	175	0.323	0.317	0.296	0.434	0.64	0.874
3547	225	0.301	0.274	0.307	0.388	0.741	1.026
3547	275	0.282	0.268	0.269	0.376	0.716	0.976
3547	325	0.311	0.274	0.295	0.375	0.661	0.886
3547	375	0.348	0.311	0.368	0.468	0.721	1.012
3547	425	0.366	0.302	0.339	0.416	0.629	0.904
3547	475	0.361	0.306	0.377	0.448	0.701	0.999
3547	525	0.367	0.322	0.37	0.483	0.654	0.917
9310	25	0.26	0.297	0.336	0.483	1.069	1.322
9310	75	0.282	0.234	0.277	0.3	0.756	1.106
9310	125	0.361	0.306	0.377	0.446	0.709	1.008
9310	175	0.347	0.309	0.361	0.425	0.675	0.924
9310	225	0.341	0.279	0.347	0.392	0.671	1.023
9310	275	0.358	0.331	0.356	0.477	0.647	0.882
9310	325	0.345	0.317	0.356	0.486	0.679	0.926
9310	375	0.336	0.29	0.339	0.399	0.687	0.951
9310	425	0.355	0.323	0.393	0.494	0.722	0.985
9310	475	0.374	0.335	0.368	0.492	0.62	0.832
9310	525	0.351	0.32	0.365	0.493	0.678	0.928
5853	25	0.504	0.388	0.462	0.457	0.477	0.782
5853	75	0.44	0.398	0.426	0.495	0.554	0.726
5853	125	0.381	0.341	0.382	0.409	0.647	0.841
5853	175	0.327	0.297	0.323	0.413	0.699	0.98
5853	225	0.371	0.335	0.424	0.519	0.73	0.955
5853	275	0.35	0.309	0.354	0.425	0.653	0.879
5853	325	0.384	0.342	0.367	0.476	0.618	0.853
5853	375	0.385	0.345	0.397	0.49	0.636	0.903
5853	425	0.309	0.274	0.31	0.401	0.7	0.922
5853	475	0.372	0.327	0.389	0.492	0.655	0.915
5853	525	0.36	0.318	0.375	0.481	0.676	0.938
5469	25	0.341	0.288	0.264	0.27	0.549	0.771
5469	75	0.382	0.322	0.397	0.435	0.658	0.871
5469	125	0.372	0.327	0.404	0.477	0.696	0.978
5469	175	0.442	0.369	0.426	0.534	0.556	0.787
5469	225	0.304	0.268	0.294	0.386	0.685	0.951
5469	275	0.325	0.32	0.331	0.462	0.708	0.944
5469	325	0.354	0.311	0.348	0.436	0.639	0.875
5469	375	0.338	0.312	0.352	0.455	0.69	0.929
5469	425	0.351	0.308	0.344	0.434	0.643	0.879
5469	475	0.376	0.341	0.373	0.486	0.613	0.841
5469	525	0.307	0.288	0.306	0.42	0.707	0.945
7467	25	0.345	0.353	0.357	0.452	0.714	0.818
7467	75	0.335	0.275	0.31	0.315	0.64	0.949
7467	125	0.325	0.307	0.325	0.393	0.707	0.907
7467	175	0.268	0.258	0.257	0.352	0.729	0.983
7467	225	0.294	0.27	0.274	0.364	0.682	0.926
7467	275	0.345	0.305	0.368	0.48	0.709	0.993
7467	325	0.337	0.312	0.325	0.453	0.649	0.854
7467	375	0.324	0.28	0.321	0.396	0.681	0.955
7467	425	0.356	0.317	0.361	0.459	0.653	0.912
7467	475	0.346	0.307	0.339	0.442	0.645	0.869
7467	525	0.34	0.317	0.337	0.45	0.661	0.907
206	25	0.43	0.348	0.403	0.396	0.583	0.858
206	75	0.292	0.296	0.292	0.453	0.719	0.932
206	125	0.314	0.294	0.305	0.377	0.677	0.863
206	175	0.408	0.356	0.379	0.463	0.572	0.81
206	225	0.351	0.31	0.377	0.482	0.696	0.966
206	275	0.345	0.318	0.348	0.467	0.653	0.886
206	325	0.334	0.316	0.304	0.422	0.609	0.81
206	375	0.367	0.313	0.362	0.445	0.639	0.884
206	425	0.323	0.29	0.312	0.422	0.664	0.931
206	475	0.345	0.306	0.33	0.433	0.63	0.884
206	525	0.306	0.275	0.297	0.399	0.682	0.923
1869	25	0.365	0.337	0.373	0.425	0.681	0.948
1869	75	0.317	0.288	0.413	0.435	0.907	1.17
1869	125	0.416	0.363	0.439	0.554	0.635	0.858
1869	175	0.281	0.275	0.269	0.387	0.695	0.927
1869	225	0.32	0.282	0.306	0.387	0.674	0.925
1869	275	0.357	0.302	0.358	0.441	0.665	0.969
1869	325	0.392	0.344	0.424	0.537	0.668	0.94
1869	375	0.338	0.293	0.328	0.415	0.658	0.89
1869	425	0.339	0.304	0.319	0.414	0.624	0.847
1869	475	0.314	0.29	0.321	0.437	0.705	0.964
1869	525	0.332	0.292	0.335	0.448	0.677	0.946
7791	25	0.393	0.312	0.414	0.4	0.653	0.976
7791	75	0.382	0.329	0.411	0.456	0.682	0.979
7791	125	0.332	0.267	0.287	0.319	0.595	0.911
7791	175	0.389	0.335	0.38	0.453	0.613	0.865
7791	225	0.363	0.328	0.356	0.457	0.643	0.883
7791	275	0.337	0.312	0.321	0.432	0.64	0.864
7791	325	0.316	0.279	0.31	0.383	0.689	0.934
7791	375	0.332	0.297	0.335	0.469	0.7	0.971
7791	425	0.319	0.297	0.317	0.421	0.702	0.938
7791	475	0.402	0.35	0.461	0.571	0.692	0.977
7791	525	0.309	0.287	0.316	0.421	0.708	0.955
3160	25	0.366	0.345	0.412	0.543	0.748	0.995
3160	75	0.387	0.331	0.382	0.412	0.632	0.904
3160	125	0.27	0.259	0.274	0.387	0.763	1.042
3160	175	0.349	0.323	0.349	0.451	0.653	0.909
3160	225	0.42	0.36	0.4	0.497	0.559	0.769
3160	275	0.371	0.341	0.37	0.495	0.635	0.846
3160	325	0.379	0.333	0.391	0.516	0.641	0.892
3160	375	0.355	0.318	0.33	0.43	0.607	0.846
3160	425	0.342	0.31	0.36	0.476	0.711	0.969
3160	475	0.364	0.317	0.35	0.447	0.624	0.868
3160	525	0.367	0.315	0.35	0.444	0.608	0.813
8607	25	0.379	0.313	0.419	0.401	0.724	0.985
8607	75	0.431	0.367	0.444	0.581	0.623	0.917
8607	125	0.266	0.262	0.318	0.417	0.894	1.169
8607	175	0.369	0.327	0.417	0.496	0.737	0.998
8607	225	0.353	0.327	0.375	0.491	0.682	0.913
8607	275	0.33	0.275	0.324	0.375	0.666	0.939
8607	325	0.328	0.291	0.352	0.445	0.735	0.985
8607	375	0.385	0.318	0.382	0.468	0.636	0.911
8607	425	0.336	0.303	0.345	0.483	0.685	0.942
8607	475	0.381	0.336	0.381	0.472	0.618	0.857
8607	525	0.34	0.305	0.338	0.455	0.666	0.913
1952	25	0.495	0.428	0.583	0.751	0.613	1.039
1952	75	0.348	0.323	0.327	0.393	0.621	0.878
1952	125	0.408	0.352	0.441	0.498	0.656	0.983
1952	175	0.35	0.303	0.343	0.403	0.647	0.893
1952	225	0.349	0.322	0.338	0.445	0.647	0.882
1952	275	0.323	0.301	0.323	0.428	0.69	0.897
1952	325	0.359	0.312	0.361	0.451	0.632	0.869
1952	375	0.351	0.318	0.359	0.475	0.667	0.909
1952	425	0.354	0.327	0.337	0.448	0.639	0.887
1952	475	0.344	0.291	0.354	0.431	0.68	0.927
1952	525	0.374	0.338	0.392	0.507	0.66	0.89
9760	25	0.48	0.408	0.548	0.542	0.608	0.85
9760	75	0.204	0.251	0.197	0.361	0.801	0.992
9760	125	0.282	0.258	0.293	0.34	0.775	1.031
9760	175	0.337	0.286	0.33	0.362	0.688	0.93
9760	225	0.274	0.258	0.294	0.392	0.795	1.037
9760	275	0.319	0.285	0.309	0.392	0.676	0.927
9760	325	0.305	0.273	0.285	0.366	0.664	0.91
9760	375	0.372	0.312	0.346	0.424	0.586	0.837
9760	425	0.347	0.324	0.328	0.456	0.623	0.845
9760	475	0.29	0.29	0.295	0.47	0.727	0.995
9760	525	0.363	0.326	0.376	0.489	0.674	0.914
3427	25	0.224	0.222	0.242	0.233	0.852	1.023
3427	75	0.262	0.245	0.222	0.275	0.644	0.917
3427	125	0.378	0.303	0.372	0.4	0.634	0.885
3427	175	0.322	0.3	0.341	0.444	0.726	1.005
3427	225	0.403	0.352	0.357	0.464	0.547	0.763
3427	275	0.319	0.296	0.319	0.39	0.703	0.936
3427	325	0.353	0.307	0.347	0.439	0.644	0.899
3427	375	0.331	0.307	0.352	0.474	0.729	0.98
3427	425	0.349	0.315	0.358	0.467	0.67	0.94
3427	475	0.375	0.329	0.344	0.457	0.581	0.82
3427	525	0.341	0.308	0.35	0.462	0.688	0.958
720	25	0.292	0.267	0.298	0.325	0.806	0.952
720	75	0.316	0.295	0.257	0.386	0.576	0.868
720	125	0.37	0.317	0.387	0.434	0.671	0.915
720	175	0.264	0.27	0.266	0.391	0.748	0.964
720	225	0.404	0.353	0.412	0.511	0.633	0.901
720	275	0.368	0.315	0.356	0.422	0.622	0.867
720	325	0.398	0.325	0.388	0.439	0.602	0.855
720	375	0.357	0.329	0.374	0.513	0.698	0.931
720	425	0.346	0.296	0.363	0.462	0.693	0.975
720	475	0.337	0.314	0.371	0.513	0.734	0.974
720	525	0.343	0.314	0.353	0.469	0.687	0.936
